<!DOCTYPE suite SYSTEM "http://testng.org/testng-1.0.dtd" >
<suite name="em-api Test Suite" parallel="tests" thread-count="5">
	<listeners>
		<listener class-name="com.ge.dspmicro.qe.tools.testng.TestListener" />
		<listener class-name="com.ge.dspmicro.qe.tools.testng.AnnotationTransformer" />
	</listeners>
	<test name="em-api Regression Test">
		<classes>
			<class name="com.ge.dspmicro.qe.emapi.test.AlertControllerV1Test" />
			<class name="com.ge.dspmicro.qe.emapi.test.CommandControllerV1Test" />
			<class name="com.ge.dspmicro.qe.emapi.test.DeviceControllerV1Test" />
			<class name="com.ge.dspmicro.qe.emapi.test.PackageManagementControllerV1Test" />
			<class name="com.ge.dspmicro.qe.emapi.test.PackageDeploymentControllerV1Test" />
			<class name="com.ge.dspmicro.qe.emapi.test.AnalyticsManagementControllerV1Test" />
			<class name="com.ge.dspmicro.qe.emapi.test.DeviceStatisticsManagementControllerV1Test"/>
			<class name="com.ge.dspmicro.qe.emapi.test.DeviceModelControllerV1Test"/>
			<class name="com.ge.dspmicro.qe.emapi.test.DeviceAppControllerV1Test"/>
			<class name="com.ge.dspmicro.qe.emapi.test.BomControllerV1Test" />
			<class name="com.ge.dspmicro.qe.emapi.test.CapabilityManagementControllerTest"/>
		</classes>
	</test>
</suite>
