{  
   "name":"THRESHOLD_NAME",
   "rule":[  
      {  
         "severity":"info",
         "timeInSeconds":INFO,
         "displayUnit":"seconds"
      },
      {  
         "severity":"warning",
         "timeInSeconds":WARNING,
         "displayUnit":"seconds"
      },
      {  
         "severity":"error",
         "timeInSeconds":ERROR,
         "displayUnit":"seconds"
      },
      {  
         "severity":"critical",
         "timeInSeconds":CRITICAL,
         "displayUnit":"seconds"
      }
   ],
   "description":"The description of the threshold"
}
