<beans xmlns="http://www.springframework.org/schema/beans"
	xmlns:xsi="http://www.w3.org/2001/XMLSchema-instance" xmlns:context="http://www.springframework.org/schema/context"
	xsi:schemaLocation="http://www.springframework.org/schema/beans
	http://www.springframework.org/schema/beans/spring-beans-2.5.xsd
	http://www.springframework.org/schema/context
	http://www.springframework.org/schema/context/spring-context-2.5.xsd">

	<import resource="classpath:application-common.xml" />

	<!-- Using default scope: singleton -->

	<!-- ASV data center -->
	<bean id="edgeProperties_asv_staging"
		class="org.springframework.beans.factory.config.PropertiesFactoryBean">
		<property name="locations">
			<list>
				<value>classpath*:properties/em-asv-staging.properties</value>
			</list>
		</property>
	</bean>

	<bean id="edgeProperties_asv_qual"
		class="org.springframework.beans.factory.config.PropertiesFactoryBean">
		<property name="locations">
			<list>
				<value>classpath*:properties/em-asv-qual-test.properties</value>
			</list>
		</property>
	</bean>

	<!-- R2 data center -->
	<bean id="edgeProperties_r2_default"
		class="org.springframework.beans.factory.config.PropertiesFactoryBean">
		<property name="locations">
			<list>
				<value>classpath*:properties/em-r2-default.properties</value>
			</list>
		</property>
	</bean>
	<!-- Hashtable to manage all environment data -->
	<bean id="edgeHashMap" class="java.util.HashMap">
		<constructor-arg>
			<map key-type="java.lang.String" value-type="java.util.Properties">
				<entry key="asv-stage" value-ref="edgeProperties_asv_staging" />
				<entry key="asv-qual" value-ref="edgeProperties_asv_qual" />
				<entry key="r2-default" value-ref="edgeProperties_r2_default" />
			</map>
		</constructor-arg>
	</bean>

	<bean id="tokenManager" class="com.ge.dspmicro.qe.tools.common.UAATokenManager" />

	<bean id="presixServiceZone"
		class="com.ge.dspmicro.qe.tools.environment.PredixServiceProperties">
		<constructor-arg value="#{edgeHashMap}" />
		<constructor-arg value="#{dataCenter}" />
	</bean>

	<!-- Edge Manager API Context -->
	<bean id="urlEdgeBase" class="java.lang.String">
		<constructor-arg value="#{presixServiceZone.getEdgeUrlBase()}" />
	</bean>

	<bean id="urlEdgeDeviceBase" class="java.lang.String">
		<constructor-arg value="#{presixServiceZone.getEdgeUrlDeviceBase()}" />
	</bean>

	<bean id="urlEdgeDeviceBaseV2" class="java.lang.String">
		<constructor-arg value="#{presixServiceZone.getEdgeUrlDeviceBaseV2()}" />
	</bean>

	<bean id="urlEdgeUserBase" class="java.lang.String">
		<constructor-arg value="#{presixServiceZone.getEdgeUrlUserBase()}" />
	</bean>

	<bean id="urlEdgeAppBase" class="java.lang.String">
		<constructor-arg value="#{presixServiceZone.getEdgeUrlAppBase()}" />
	</bean>

	<bean id="urlProxy" class="java.lang.String">
		<constructor-arg value="#{presixServiceZone.getProxyUrl()}" />
	</bean>

	<!-- UAA API Context -->
	<bean id="urlUaaBase" class="java.lang.String">
		<constructor-arg value="#{presixServiceZone.getUaaUrlBase()}" />
	</bean>

	<bean id="urlUaaToken" class="java.lang.String">
		<constructor-arg value="#{presixServiceZone.getUaaUrlToken()}" />
	</bean>

	<!-- UAA ClientID and Users -->
	<bean id="clientId1" class="java.lang.String">
		<constructor-arg value="#{presixServiceZone.getClientId('1')}" />
	</bean>
	<bean id="clientSecret1" class="java.lang.String">
		<constructor-arg value="#{presixServiceZone.getClientSecret('1')}" />
	</bean>

	<bean id="user1" class="java.lang.String">
		<constructor-arg value="#{presixServiceZone.getUserName('1')}" />
	</bean>
	<bean id="pass1" class="java.lang.String">
		<constructor-arg value="#{presixServiceZone.getPassword('1')}" />
	</bean>

	<bean id="user2" class="java.lang.String">
		<constructor-arg value="#{presixServiceZone.getUserName('2')}" />
	</bean>
	<bean id="pass2" class="java.lang.String">
		<constructor-arg value="#{presixServiceZone.getPassword('2')}" />
	</bean>
</beans>
