[
  {
    "env": "int",
    "uaaUrl": "https://edgemanager-cf3-int.predix-uaa.run.aws-usw02-dev.ice.predix.io",
    "emUaaUrl": "https://ca16d0c0-4c01-4649-89cc-de0e801ae38f.predix-uaa.run.aws-usw02-dev.ice.predix.io",
    "edgemanagerUrl": "https://default.edgemanager-int.run.aws-usw02-dev.ice.predix.io",
    "apiClientId": "default-app-client",
    "apiClientSecret": "${CLIENT_SECRET}",
    "timeseriesInstance": "7180cccd-06c5-4fad-84f9-d37a94f46400",
    "timeseriesUrl": "https://time-series-store-predix.run.aws-usw02-pr.ice.predix.io",
    "eventhubInstance": "ef128a6b-9ad7-4048-a536-3bba5e0b895a",
    "qeEdgeAgentDeviceName": "qe-edgeos-donotdelete",
    "qePredixMachineDeviceName": "qe-donot-delete-int",
    "qeDeviceNameWithSim": "test_siminfo",
    "htcQeDeviceDoNotDelete": "htc_qe_donotdelete",
    "qTestURL": "https://qtest.apps.ge.com",
    "qTestBearerToken": "b91b4ecd-a2c2-48d9-9e2f-9d413d04a2e7"
  },
  {
    "env": "sysint",
    "uaaUrl": "https://23605dd9-09bd-450b-8798-d4abd0a9f3dd.predix-uaa.run.aws-usw02-dev.ice.predix.io",
    "emUaaUrl": "https://60888b69-1785-4b19-8b33-95a387be3f71.predix-uaa.run.aws-usw02-dev.ice.predix.io",
    "edgemanagerUrl": "https://default-predix-edge-sysint.edgemanager-sysint.run.aws-usw02-dev.ice.predix.io",
    "apiClientId": "default-predix-edge-sysint-app-client",
    "apiClientSecret": "${CLIENT_SECRET}",
    "tenantMgrClientId": "em-tenant-manager",
    "tenantMgrClientSecret": "${TENANT_MGR_CLIENT_SECRET}",
    "timeseriesInstance": "3296d156-4121-460d-b012-20a5a8d4d7b2",
    "timeseriesUrl": "https://time-series-store-predix.run.aws-usw02-pr.ice.predix.io",
    "eventhubInstance": "01d24a29-ff98-4c3e-9223-4e84f082e9b7",
    "qeEdgeAgentDeviceName": "qe-edgeos-donotdelete",
    "qePredixMachineDeviceName": "qe-donot-delete-sysint",
    "qeEADeviceCustCommand": "qe-edge-donotdelete",
    "qeDeviceNameWithSim": "test_naren7",
    "htcQeDeviceDoNotDelete": "htc_qe_donotdelete",
    "qTestURL": "https://qtest.apps.ge.com",
    "qTestBearerToken": "b91b4ecd-a2c2-48d9-9e2f-9d413d04a2e7",
    "qTestProjectId": "5",
    "qTestEmModuleId": "18",
    "qTestReleaseId": "17",
    "qTestReleaseName": "RL-7 EM-Sysint"
  },
  {
    "env": "sysint-beta",
    "uaaUrl": "https://23605dd9-09bd-450b-8798-d4abd0a9f3dd.predix-uaa.run.aws-usw02-dev.ice.predix.io",
    "emUaaUrl": "https://60888b69-1785-4b19-8b33-95a387be3f71.predix-uaa.run.aws-usw02-dev.ice.predix.io",
    "edgemanagerUrl": "https://default-beta-tenant-predix-sysint.edgemanager-sysint.run.aws-usw02-dev.ice.predix.io",
    "apiClientId": "default-beta-tenant-predix-sysint-app-client",
    "apiClientSecret": "${CLIENT_SECRET}",
    "tenantMgrClientId": "em-tenant-manager",
    "tenantMgrClientSecret": "${TENANT_MGR_CLIENT_SECRET}"
  },
  {
    "env": "sysint-shorturl",
    "uaaUrl": "https://23605dd9-09bd-450b-8798-d4abd0a9f3dd.predix-uaa.run.aws-usw02-dev.ice.predix.io",
    "emUaaUrl": "https://60888b69-1785-4b19-8b33-95a387be3f71.predix-uaa.run.aws-usw02-dev.ice.predix.io",
    "edgemanagerUrl": "https://default-predix-edge-sysint.run.aws-usw02-dev.ice.predix.io",
    "apiClientId": "default-predix-edge-sysint-app-client",
    "apiClientSecret": "${CLIENT_SECRET}",
    "tenantMgrClientId": "em-tenant-manager",
    "tenantMgrClientSecret": "${TENANT_MGR_CLIENT_SECRET}"
  },
  {
    "env": "perf",
    "uaaUrl": "https://efaa2fd7-fc51-4ceb-9f1b-4ed4c20ad2f4.predix-uaa.run.aws-usw02-dev.ice.predix.io",
    "emUaaUrl": "https://fb61dec3-ac55-4cbd-9ddf-c671650423f1.predix-uaa.run.aws-usw02-dev.ice.predix.io",
    "edgemanagerUrl": "https://default-predix-performance.edgemanager-perf.run.aws-usw02-dev.ice.predix.io",
    "apiClientId": "default-predix-performance-app-client",
    "apiClientSecret": "${CLIENT_SECRET}",
    "tenantMgrClientId": "em-tenant-manager",
    "tenantMgrClientSecret": "${TENANT_MGR_CLIENT_SECRET}",
    "timeseriesInstance": "3296d156-4121-460d-b012-20a5a8d4d7b2",
    "timeseriesUrl": "https://time-series-store-predix.run.aws-usw02-pr.ice.predix.io",
    "eventhubInstance": "01d24a29-ff98-4c3e-9223-4e84f082e9b7",
    "qeEdgeAgentDeviceName": "em-htc-perf-donotdelete",
    "qePredixMachineDeviceName": "perf-vm13-134",
    "qeEADeviceCustCommand": "em-htc-vm-perf",
    "qeDeviceNameWithSim": "em-htc-vm-perf",
    "htcQeDeviceDoNotDelete": "em-htc-perf"
  },
  {
    "env": "stage",
    "uaaUrl": "https://495bf861-b1f8-4de7-a8d6-b8a96f392337.predix-uaa.run.aws-usw02-dev.ice.predix.io",
    "emUaaUrl": "https://de7da7e2-3971-457f-8914-aec98d0752bc.predix-uaa.run.aws-usw02-dev.ice.predix.io",
    "edgemanagerUrl": "https://default-predix-edge-stage.edgemanager-stage.run.aws-usw02-dev.ice.predix.io",
    "apiClientId": "default-predix-edge-stage-app-client",
    "apiClientSecret": "${CLIENT_SECRET}",
    "tenantMgrClientId": "em-tenant-manager",
    "tenantMgrClientSecret": "${TENANT_MGR_CLIENT_SECRET}",
    "timeseriesInstance": "0b63e275-d0b7-42ac-9573-ddaed63913d1",
    "timeseriesUrl": "https://time-series-store-predix.run.aws-usw02-pr.ice.predix.io",
    "eventhubInstance": "681f9dc4-7b29-41b6-88d4-12e108bad9c1",
    "qeEdgeAgentDeviceName": "qe-edgeos-donotdelete",
    "qePredixMachineDeviceName": "qe-donot-delete-stage",
    "qeEADeviceCustCommand": "qe-edge-donotdelete",
    "qeDeviceNameWithSim": "huawei2-04",
    "htcQeDeviceDoNotDelete": "htc_qe_donotdelete",
    "qTestURL": "https://qtest.apps.ge.com",
    "qTestBearerToken": "b91b4ecd-a2c2-48d9-9e2f-9d413d04a2e7",
    "qTestProjectId": "5",
    "qTestEmModuleId": "18",
    "qTestReleaseId": "15",
    "qTestReleaseName": "RL-5 EM-Stage"
  },
  {
    "env": "stage-beta",
    "uaaUrl": "https://495bf861-b1f8-4de7-a8d6-b8a96f392337.predix-uaa.run.aws-usw02-dev.ice.predix.io",
    "emUaaUrl": "https://de7da7e2-3971-457f-8914-aec98d0752bc.predix-uaa.run.aws-usw02-dev.ice.predix.io",
    "edgemanagerUrl": "https://default-beta-tenant-stage.edgemanager-stage.run.aws-usw02-dev.ice.predix.io",
    "apiClientId": "default-beta-tenant-stage-app-client",
    "apiClientSecret": "${CLIENT_SECRET}",
    "tenantMgrClientId": "em-tenant-manager",
    "tenantMgrClientSecret": "${TENANT_MGR_CLIENT_SECRET}"
  },
  {
    "env": "stage-shorturl",
    "uaaUrl": "https://495bf861-b1f8-4de7-a8d6-b8a96f392337.predix-uaa.run.aws-usw02-dev.ice.predix.io",
    "emUaaUrl": "https://de7da7e2-3971-457f-8914-aec98d0752bc.predix-uaa.run.aws-usw02-dev.ice.predix.io",
    "edgemanagerUrl": "https://default-predix-edge-stage.run.aws-usw02-dev.ice.predix.io",
    "apiClientId": "default-predix-edge-stage-app-client",
    "apiClientSecret": "${CLIENT_SECRET}",
    "tenantMgrClientId": "em-tenant-manager",
    "tenantMgrClientSecret": "${TENANT_MGR_CLIENT_SECRET}"
  },
  {
    "env": "s-dev",
    "uaaUrl": "https://b084ed6b-34c4-4f2b-a800-38f2624727f3.predix-uaa.run.aws-eu-central-1-pr.ice.predix.io",
    "emUaaUrl": "https://b56357e8-4247-4223-bb21-e62d839adbb9.predix-uaa.run.aws-eu-central-1-pr.ice.predix.io",
    "edgemanagerUrl": "https://default-schindler-d.schindler.edgemanager-d.run.aws-eu-central-1-pr.ice.predix.io",
    "apiClientId": "default-schindler-d-app-client",
    "apiClientSecret": "${CLIENT_SECRET}",
    "tenantMgrClientId": "em-tenant-manager",
    "tenantMgrClientSecret": "${TENANT_MGR_CLIENT_SECRET}",
    "qePredixMachineDeviceName": "qe-donot-delete-sdev"
  },
  {
    "env": "s-qual",
    "uaaUrl": "https://e952a68f-cdec-4268-8f3c-468bcad84839.predix-uaa.run.aws-eu-central-1-pr.ice.predix.io",
    "emUaaUrl": "https://f7c67847-4d80-476f-9246-91c205a43ecd.predix-uaa.run.aws-eu-central-1-pr.ice.predix.io",
    "edgemanagerUrl": "https://default-schindler-q.schindler.edgemanager-q.run.aws-eu-central-1-pr.ice.predix.io",
    "apiClientId": "default-schindler-q-app-client",
    "apiClientSecret": "${CLIENT_SECRET}",
    "tenantMgrClientId": "em-tenant-manager",
    "tenantMgrClientSecret": "${TENANT_MGR_CLIENT_SECRET}",
    "qePredixMachineDeviceName": "qe-donot-delete-squal"
  },
  {
    "env": "s-prod",
    "uaaUrl": "https://dfff2cd4-79cc-4d16-92d0-43465c239008.predix-uaa.run.aws-eu-central-1-pr.ice.predix.io",
    "emUaaUrl": "https://cbced746-d12f-4e1c-abcf-81071bd2f133.predix-uaa.run.aws-eu-central-1-pr.ice.predix.io",
    "edgemanagerUrl": "https://default-schindler-p.schindler.edgemanager-p.run.aws-eu-central-1-pr.ice.predix.io",
    "apiClientId": "default-schindler-p-app-client",
    "apiClientSecret": "${CLIENT_SECRET}",
    "tenantMgrClientId": "em-tenant-manager",
    "tenantMgrClientSecret": "${TENANT_MGR_CLIENT_SECRET}",
    "qePredixMachineDeviceName": "qe-donot-delete-sprod"
  },
  {
    "env": "prod",
    "uaaUrl": "https://57094e87-5eb0-47fa-9320-1f49c04ad462.predix-uaa.run.aws-usw02-pr.ice.predix.io",
    "emUaaUrl": "https://90756d38-65fc-40e1-b752-29d8ccecd45f.predix-uaa.run.aws-usw02-pr.ice.predix.io",
    "edgemanagerUrl": "https://default-predix-mst.edgemanager.run.aws-usw02-pr.ice.predix.io",
    "apiClientId": "default-predix-mst-app-client",
    "apiClientSecret": "${CLIENT_SECRET}",
    "tenantMgrClientId": "em-tenant-manager",
    "tenantMgrClientSecret": "${TENANT_MGR_CLIENT_SECRET}",
    "qePredixMachineDeviceName": "qe-donot-delete-prod"
  },
  {
    "env": "techonedemo",
    "uaaUrl": "https://228e4994-99ed-414e-b7c9-212648fdaf5b.predix-uaa.run.aws-usw02-pr.ice.predix.io",
    "emUaaUrl": "",
    "edgemanagerUrl": "https://techdemoone.edgemanager.run.aws-usw02-pr.ice.predix.io",
    "apiClientId": "techdemoone-app-client",
    "apiClientSecret": "${CLIENT_SECRET}"
  },
  {
    "env": "ff-prod",
    "uaaUrl": "https://7bb178e9-32ba-4794-a554-08194ca7bb9b.predix-uaa.run.aws-eu-central-1-pr.ice.predix.io",
    "emUaaUrl": "https://2ec35a7b-1e1c-430d-b1b2-f70f56d1dbcf.predix-uaa.run.aws-eu-central-1-pr.ice.predix.io",
    "edgemanagerUrl": "https://default-predix-edge-platform.edgemanager.run.aws-eu-central-1-pr.ice.predix.io",
    "apiClientId": "default-predix-edge-platform-app-client",
    "apiClientSecret": "${CLIENT_SECRET}",
    "tenantMgrClientId": "em-tenant-manager",
    "tenantMgrClientSecret": "${TENANT_MGR_CLIENT_SECRET}",
    "qePredixMachineDeviceName": "qe-donot-delete-ffprod"
  },
  {
    "env": "GovCloud",
    "uaaUrl": "https://5f9fab65-3dbe-4f9a-945a-042b33979b99.predix-uaa.run.aws-govw01-pr.ice.predix.io",
    "emUaaUrl": "https://0b3116bb-cc83-4d69-9f58-737335931f72.predix-uaa.run.aws-govw01-pr.ice.predix.io",
    "edgemanagerUrl": "https://govcloud-edge-default.edgemanager.run.aws-govw01-pr.ice.predix.io",
    "apiClientId": "govcloud-edge-default-app-client",
    "apiClientSecret": "${CLIENT_SECRET}",
    "tenantMgrClientId": "em-tenant-manager",
    "tenantMgrClientSecret": "${TENANT_MGR_CLIENT_SECRET}"
  }
]
