id,isEnabled,scenario,payloadFile,deviceId,name,modelId,sharedSecret,groupId,city,state,country,elevation,lat,lng,timezone,dockerEnabled,simulated,technicianId,activationCode,deviceUUID,csn,expectedStatusCode,expectedStatusMessage
1,TRUE,minimum payload with deviceId 63 character,/device/addDeviceMinPayload.json,qe-em-api-klmnopqrstuvwxyzABCDEFGHIJKLMNOPQRSTUVWXYZ12_4567890-,qe-em-api-klmnopqrstuvwxyzABCDEFGHIJKLMNOPQRSTUVWXYZ12_4567890-,FieldAgent,sharedSecret,,,,,,,,,,,,,,,201,no message
2,TRUE,minimum payload deviceId 2 character,/device/addDeviceMinPayload.json,qe,qe-em-api-klmnopqrstuvwxyzABCDEFGHIJKLMNOPQRSTUVWXYZ12_4567890-,FieldAgent,sharedSecret,,,,,,,,,,,,,,,400,invalidDeviceId
3,TRUE,minimum payload deviceId 64 character,/device/addDeviceMinPayload.json,qe-em-api-klmnopqrstuvwxyz-ABCDEFGHIJKLMNOPQRSTUVWXYZ1234567890-,qe-em-api-klmnopqrstuvwxyzABCDEFGHIJKLMNOPQRSTUVWXYZ12_4567890-,FieldAgent,sharedSecret,,,,,,,,,,,,,,,400,invalidDeviceId
4,TRUE,minimum payload deviceId with invalid characters,/device/addDeviceMinPayload.json,qe-em-api@3,qe-em-api-klmnopqrstuvwxyzABCDEFGHIJKLMNOPQRSTUVWXYZ12_4567890-,FieldAgent,sharedSecret,,,,,,,,,,,,,,,400,invalidDeviceId
5,TRUE,minimum payload deviceId as empty string,/device/addDeviceMinPayload.json,,qe-em-api-test-device,FieldAgent,sharedSecret,,,,,,,,,,,,,,,400,Devices must have an ID
6,TRUE,minimum payload with invalid modelId,/device/addDeviceMinPayload.json,test-device,test-device,modelIdDoNotExistInSystem,sharedSecret,,,,,,,,,,,,,,,400,{test-device=Invalid device model associated with the device}
7,TRUE,minimum payload with modelId as empty string,/device/addDeviceMinPayload.json,test-device,test-device,,sharedSecret,,,,,,,,,,,,,,,400,{test-device=Missing required device property: modelID.}
8,TRUE,minimum payload name 2 character,/device/addDeviceMinPayload.json,qe-em-api-test-device,qe,FieldAgent,sharedSecret,,,,,,,,,,,,,,,400,invalidName
9,TRUE,minimum payload name 64 character,/device/addDeviceMinPayload.json,qe-em-api-test-device,qe-em-api-klmnopqrstuvwxyz-ABCDEFGHIJKLMNOPQRSTUVWXYZ1234567890-,FieldAgent,sharedSecret,,,,,,,,,,,,,,,400,invalidName
10,TRUE,minimum payload name with invalid characters,/device/addDeviceMinPayload.json,qe-em-api-test-device,qe-em-api@cd,FieldAgent,sharedSecret,,,,,,,,,,,,,,,400,invalidName
11,TRUE,minimum payload name as empty string,/device/addDeviceMinPayload.json,qe-em-api-test-device,,FieldAgent,sharedSecret,,,,,,,,,,,,,,,400,invalidName
12,TRUE,minimum payload sharedSecret empty,/device/addDeviceMinPayload.json,test-device,qe-em-api-test-device,FieldAgent,,,,,,,,,,,,,,,,400,{test-device=Devices must have a shared secret.}
13,TRUE,minimum payload sharedSecret with white space,/device/addDeviceMinPayload.json,qe-em-api-test-device,qe-em-api-test-device,FieldAgent,shared Secret,,,,,,,,,,,,,,,201,no message
14,FALSE,Full Payload,/device/addDevice_full_payload.json,qe-em-api-klmnopqrstuvwxyzABCDEFGHIJKLMNOPQRSTUVWXYZ12_4567890-,qe-em-api-klmnopqrstuvwxyzABCDEFGHIJKLMNOPQRSTUVWXYZ12_4567890-,FieldAgent,sharedSecret,0,San Ramon,CA,US,1000,132.235,123.123,,TRUE,FALSE,999,ABCD,SADGWER,,201,no message
