{
  "attributes": {},
  "description": "$description",
  "deviceId": "$deviceId",
  "dockerEnabled": $dockerEnabled,
  "groupId": "$groupId",
  "location": {
    "city": "$city",
    "country": "$country",
    "description": "$locationDescription",
    "elevation": $elevation,
    "latitude": $latitude,
    "longitude": $longitude,
    "photo": "$photo",
    "state": "$state",
    "timezone": "$timezone"
  },
  "modelId": "$modeId",
  "name": "$deviceId",
  "sharedSecret": "$sharedSecret",
  "technicianId": "$techId"
}