{
	"delete": [
		$delete
	],
	"replace": {
		"attributes": 
			$attributes
		,
		"csn": "$csn",
		"description": "$description",
		"dockerEnabled": $dockerEnabled,
		"groupId": "$groupId",
		"location": {
			"city": "$city",
			"country": "$country",
			"description": "$locationDescription",
			"elevation": $elevation,
			"latitude": $latitude,
			"longitude": $longitude,
			"photo": "$photo",
			"state": "$state",
			"timezone": "$timezone"
		},
		"modelId": "$modelId",
		"name": "$deviceId",
		"technicianId": "$techId"
	}
}